date,year,fish_count,precipitation,air_temp,stage,discharge,water_temp,luna
2022-07-01,2022,5034,0.0,57.5,9.92,15000,59.72,3
2022-07-02,2022,4212,0.0,56.5,10.02,15200,59.0,4
2022-07-03,2022,5796,0.0,58.5,10.04,15300,57.2,5
2022-07-04,2022,7314,,57.5,10.08,15300,56.84,6
2022-07-05,2022,7386,0.0,55.5,10.03,15200,57.019999999999996,7
2022-07-06,2022,10341,0.0,57.5,10.02,15100,56.84,10
2022-07-07,2022,12973,0.05,56.5,10.02,15200,58.1,11
2022-07-08,2022,13884,0.0,61.5,10.08,15400,57.74,12
2022-07-09,2022,13992,,61.0,10.24,16000,57.2,13
2022-07-10,2022,21424,0.0,54.5,10.33,16500,56.84,14
2022-07-11,2022,20597,0.0,59.5,10.33,16800,57.2,15
2022-07-12,2022,8094,0.0,59.0,10.41,17400,57.74,16
2022-07-13,2022,9636,0.01,55.5,10.5,17800,56.66,20
2022-07-14,2022,5556,0.07,57.5,10.53,17900,56.66,21
2022-07-15,2022,5225,0.29,53.5,10.49,17700,56.3,22
2022-07-16,2022,18780,0.76,56.5,10.45,17700,56.120000000000005,23
2022-07-17,2022,45558,0.41,54.5,10.51,17900,55.22,24
2022-07-18,2022,39697,0.04,57.5,10.46,17600,53.6,25
2022-07-19,2022,74328,0.07,52.0,10.51,17300,52.519999999999996,26
2022-07-20,2022,189420,0.07,53.0,10.41,17300,53.6,30
2022-07-21,2022,155774,0.1,54.0,10.39,17100,53.6,31
2022-07-22,2022,99324,0.0,52.5,10.38,16800,53.96,32
2022-07-23,2022,79950,,48.5,10.27,16500,53.42,33
2022-07-24,2022,101376,,59.0,10.23,16000,54.86,34
2022-07-25,2022,54139,0.12,57.0,10.22,15900,55.400000000000006,35
2022-07-26,2022,44166,0.0,50.5,10.19,15900,52.16,36
2022-07-27,2022,56110,0.0,51.0,10.05,15500,51.980000000000004,37
2022-07-28,2022,32859,0.0,57.0,,15100,53.42,0
2022-07-29,2022,24474,,56.5,,14800,54.14,1
2022-07-30,2022,24594,0.05,57.5,9.78,14600,55.58,2
2022-07-31,2022,16902,0.0,57.0,9.48,14400,56.84,3
2022-08-01,2022,31619,0.12,53.0,9.48,14100,55.94,4
2022-08-02,2022,36152,,52.0,9.41,14000,54.68,5
2022-08-03,2022,21493,0.0,54.5,9.33,13700,55.040000000000006,6
2022-08-04,2022,26351,,54.0,9.17,13600,56.3,7
2022-08-05,2022,29960,0.03,56.0,9.12,13500,58.28,10
2022-08-06,2022,19915,0.0,57.0,9.23,13400,55.76,11
2022-08-07,2022,23752,,53.0,9.2,13300,54.68,12
2022-08-08,2022,21717,0.02,54.0,9.17,13200,54.14,13
2022-08-09,2022,25924,0.0,52.0,9.2,13100,53.78,14
2022-08-10,2022,21212,0.0,56.5,9.18,12900,54.32,15
2022-08-11,2022,26198,0.22,56.5,9.14,12900,55.22,20
2022-08-12,2022,26817,0.11,57.5,9.32,13500,54.5,21
2022-08-13,2022,17310,0.2,56.0,9.42,14100,53.78,22
2022-08-14,2022,6190,0.01,56.0,9.53,14700,54.14,23
2022-08-15,2022,12872,0.31,57.0,9.99,15300,54.32,24
2022-08-16,2022,11353,0.33,56.0,10.09,15900,54.5,25
2021-07-01,2021,7248,0.01,53.0,9.28,14000,48.2,30
2021-07-02,2021,6476,0.02,58.5,9.39,14400,51.08,31
2021-07-03,2021,6430,0.0,52.0,9.44,14400,48.92,32
2021-07-04,2021,6685,0.0,56.0,9.35,14300,48.379999999999995,33
2021-07-05,2021,6122,0.04,50.5,9.17,14100,47.66,34
2021-07-06,2021,11298,0.01,53.5,9.33,14100,49.46,35
2021-07-07,2021,9182,0.0,52.5,9.23,13900,49.1,36
2021-07-08,2021,14040,0.01,49.0,9.05,13600,47.84,37
2021-07-09,2021,10655,0.03,53.5,9.04,13400,49.28,0
2021-07-10,2021,10842,0.14,53.0,8.99,13200,49.46,1
2021-07-11,2021,13986,0.01,58.5,8.92,12900,49.28,2
2021-07-12,2021,16461,0.01,56.0,8.91,12800,49.46,3
2021-07-13,2021,12738,0.05,55.0,8.99,12800,50.540000000000006,4
2021-07-14,2021,9852,0.0,52.5,8.94,12800,51.8,5
2021-07-15,2021,19982,0.0,58.0,8.94,12800,52.34,6
2021-07-16,2021,14727,0.0,60.0,9.03,12900,53.24,7
2021-07-17,2021,16015,0.0,58.5,9.17,13100,53.06,10
2021-07-18,2021,19843,0.0,63.0,9.21,13400,54.68,11
2021-07-19,2021,25731,,57.0,9.3,13700,55.76,12
2021-07-20,2021,85706,0.11,53.0,9.44,14200,55.040000000000006,13
2021-07-21,2021,55920,0.28,56.5,9.49,14500,54.86,14
2021-07-22,2021,32958,0.01,59.5,9.59,14800,,15
2021-07-23,2021,40956,0.01,54.0,9.61,14800,53.78,20
2021-07-24,2021,38526,0.09,54.5,9.52,14700,54.32,21
2021-07-25,2021,57660,0.0,56.5,9.48,14500,53.42,22
2021-07-26,2021,52164,0.0,54.0,9.48,14300,52.879999999999995,23
2021-07-27,2021,62633,0.0,53.5,9.33,14100,52.879999999999995,24
2021-07-28,2021,58394,0.0,56.0,9.31,13900,53.24,25
2021-07-29,2021,74864,0.0,53.5,9.31,13700,56.120000000000005,26
2021-07-30,2021,47866,0.0,57.0,9.2,13400,53.24,27
2021-07-31,2021,77985,0.0,59.0,,13100,55.400000000000006,30
2021-08-01,2021,87653,0.0,60.0,9.04,12800,55.58,31
2021-08-02,2021,151525,0.0,59.5,8.95,12500,57.56,32
2021-08-03,2021,136740,0.0,56.0,8.93,12300,58.46,33
2021-08-04,2021,109902,0.0,56.0,8.85,12200,57.2,34
2021-08-05,2021,80538,,55.5,8.84,12000,56.66,35
2021-08-06,2021,80029,0.0,55.5,8.85,12100,56.3,36
2021-08-07,2021,73260,,49.5,8.84,12000,56.66,37
2021-08-08,2021,89750,0.52,54.5,8.85,12100,55.22,0
2021-08-09,2021,72734,0.09,54.5,8.89,12300,53.06,1
2021-08-10,2021,56226,0.21,56.0,8.88,12400,53.78,2
2021-08-11,2021,54827,0.04,52.5,8.92,12600,52.519999999999996,3
2021-08-12,2021,48605,0.03,55.0,9.0,12800,52.7,4
2021-08-13,2021,40367,0.0,51.5,9.03,12800,51.44,5
2021-08-14,2021,52677,,52.5,9.01,12800,51.44,6
2021-08-15,2021,59856,0.0,56.0,8.94,12500,51.980000000000004,10
2021-08-16,2021,55844,0.09,54.0,8.85,12100,52.16,11
2021-08-17,2021,61737,,54.5,8.85,12000,53.96,12
2021-08-18,2021,41519,0.0,53.5,8.85,11800,53.78,13
2021-08-19,2021,41335,0.0,50.5,8.74,11600,53.78,14
2021-08-20,2021,37664,0.08,55.0,8.67,11300,53.6,15
2021-08-21,2021,31436,0.0,49.5,8.6,11100,51.26,16
2021-08-22,2021,23330,0.12,45.5,8.54,10800,51.980000000000004,20
2021-08-23,2021,18104,0.05,55.0,8.54,10700,53.06,21
2021-08-24,2021,12222,0.02,55.5,8.54,10800,52.7,22
2020-07-01,2020,5355,0.0,55.5,8.63,10900,49.82,13
2020-07-02,2020,3468,0.0,56.5,8.58,10800,51.26,14
2020-07-03,2020,3576,0.0,57.5,8.61,10800,52.519999999999996,15
2020-07-04,2020,3965,0.0,58.0,8.63,11000,54.32,20
2020-07-05,2020,4290,0.0,57.0,8.73,11200,55.94,21
2020-07-06,2020,11190,,56.5,8.81,11500,55.76,22
2020-07-07,2020,15138,0.0,57.5,8.87,11700,53.6,23
2020-07-08,2020,12127,0.36,57.0,8.94,11900,53.96,24
2020-07-09,2020,8686,,58.5,9.05,12400,52.7,25
2020-07-10,2020,6032,,58.0,9.09,12600,54.5,26
2020-07-11,2020,10104,0.0,54.0,,12800,56.480000000000004,27
2020-07-12,2020,16526,0.54,56.5,9.16,13200,55.94,30
2020-07-12,2020,16526,0.54,56.5,9.23,13200,55.94,30
2020-07-13,2020,36322,,58.0,9.27,13400,54.5,31
2020-07-14,2020,30084,0.0,54.0,9.2,13300,55.040000000000006,32
2020-07-15,2020,35528,0.0,54.5,,13200,55.400000000000006,33
2020-07-16,2020,19086,,57.5,9.22,13100,54.68,34
2020-07-17,2020,31392,0.13,57.5,9.26,13300,56.84,35
2020-07-18,2020,26143,0.0,58.5,9.29,13400,56.480000000000004,36
2020-07-19,2020,32598,0.09,58.5,9.28,13400,54.86,37
2020-07-20,2020,46306,0.0,62.5,9.42,13700,55.400000000000006,0
2020-07-21,2020,17854,,,9.47,13800,55.400000000000006,1
2020-07-22,2020,17316,0.1,54.5,9.42,13700,53.78,2
2020-07-23,2020,20172,0.0,55.0,9.43,13800,55.76,3
2020-07-24,2020,20562,0.22,56.0,9.42,13700,55.58,4
2020-07-25,2020,23922,0.18,58.0,9.44,13900,56.66,5
2020-07-26,2020,20117,0.0,55.0,9.42,13700,55.400000000000006,6
2020-07-27,2020,38004,0.0,52.5,9.33,13400,55.22,10
2020-07-28,2020,47946,0.0,57.5,9.26,13200,55.94,11
2020-07-29,2020,40632,0.0,58.0,9.22,12900,56.84,12
2020-07-30,2020,43048,0.0,58.5,9.21,12900,57.379999999999995,13
2020-07-31,2020,40718,0.07,60.0,9.22,12900,57.019999999999996,14
2020-08-01,2020,23055,0.4,58.5,9.22,13000,55.22,15
2020-08-02,2020,35719,0.04,58.0,9.29,13300,55.58,16
2020-08-03,2020,41814,0.09,57.0,9.32,13400,54.86,20
2020-08-04,2020,38859,0.0,60.5,9.34,13600,56.480000000000004,21
2020-08-05,2020,36938,0.0,60.0,9.35,13500,57.019999999999996,22
2020-08-06,2020,38712,0.1,55.5,9.46,13800,56.66,23
2020-08-07,2020,25368,0.17,57.0,9.46,14000,54.5,24
2020-08-08,2020,24396,0.44,57.5,9.49,14200,54.5,25
2020-08-09,2020,34137,,58.0,9.49,14300,55.22,26
2020-08-10,2020,24163,0.01,59.5,9.49,14300,53.6,27
2020-08-11,2020,41832,,56.0,9.49,14200,55.22,30
2020-08-12,2020,47067,0.12,55.0,9.46,14000,54.68,31
2020-08-13,2020,62807,0.0,51.5,9.42,13700,55.400000000000006,32
2020-08-14,2020,99875,0.0,57.0,9.3,13300,56.66,33
2020-08-15,2020,57310,0.0,67.5,9.21,12900,56.120000000000005,34
2020-08-16,2020,96766,0.0,66.5,9.16,12500,56.84,35
2020-08-17,2020,121031,0.0,56.5,9.1,12200,57.56,36
2020-08-18,2020,46259,0.0,58.5,9.05,12100,58.1,0
2020-08-19,2020,20052,,57.0,9.01,12000,57.56,1
2020-08-20,2020,34742,0.0,54.5,,11600,56.66,2
2020-08-21,2020,34459,0.0,57.5,,11500,56.480000000000004,3
2020-08-22,2020,17777,0.0,54.5,8.83,11300,57.92,4
2020-08-23,2020,16512,0.01,59.0,8.81,11200,58.28,5
2020-08-24,2020,6708,0.0,55.5,8.85,11200,57.74,6
2019-07-01,2019,6810,0.0,61.0,,16300,56.84,36
2019-07-02,2019,7230,0.0,58.5,10.16,16600,53.96,0
2019-07-03,2019,6250,0.0,60.5,10.16,17000,55.94,1
2019-07-04,2019,7740,0.0,70.0,10.34,17400,57.019999999999996,2
2019-07-05,2019,8472,0.0,62.0,10.46,17800,61.519999999999996,3
2019-07-06,2019,9093,0.0,64.0,10.67,18300,59.900000000000006,4
2019-07-07,2019,12621,0.0,61.5,10.74,18700,58.82,5
2019-07-08,2019,21444,0.0,66.0,10.95,19100,61.7,6
2019-07-09,2019,15190,0.0,60.0,11.27,19400,62.96,10
2019-07-10,2019,10485,0.0,58.5,11.27,19500,55.94,11
2019-07-11,2019,14098,0.0,57.0,11.27,19500,51.8,12
2019-07-12,2019,22868,0.0,58.0,11.13,19400,51.8,13
2019-07-13,2019,20130,0.0,60.0,10.99,19200,51.980000000000004,14
2019-07-14,2019,34054,0.18,59.0,10.92,19000,56.84,15
2019-07-15,2019,30509,0.04,61.5,10.82,18700,57.019999999999996,16
2019-07-16,2019,16420,0.02,61.5,10.74,18500,55.94,20
2019-07-17,2019,23285,,59.5,10.52,18000,56.3,21
2019-07-18,2019,46059,0.0,60.0,10.46,17700,56.120000000000005,22
2019-07-19,2019,25963,0.0,58.5,10.41,17600,56.84,23
2019-07-20,2019,35652,0.0,58.5,10.44,17500,59.0,24
2019-07-21,2019,76650,0.0,57.5,10.35,17200,58.28,25
2019-07-21,2019,76650,0.0,57.5,10.44,17200,58.28,25
2019-07-22,2019,75542,0.0,58.5,10.21,16900,57.56,26
2019-07-23,2019,36107,0.15,59.5,10.14,16600,57.74,27
2019-07-24,2019,53574,0.14,58.0,10.2,16500,58.64,30
2019-07-25,2019,80928,0.0,57.0,10.14,16200,56.3,31
2019-07-26,2019,77996,0.38,54.5,9.95,15800,55.76,32
2019-07-27,2019,98201,0.48,59.5,9.75,15300,57.379999999999995,33
2019-07-28,2019,99038,0.01,57.0,9.57,15000,56.3,34
2019-07-29,2019,75604,0.0,54.5,,14600,57.019999999999996,35
2019-07-30,2019,42439,0.0,55.0,9.4,14200,58.82,36
2019-07-31,2019,34315,0.0,54.5,9.36,13900,57.2,0
2019-08-01,2019,37711,0.0,57.5,9.37,13700,55.040000000000006,1
2019-08-02,2019,42084,0.0,60.5,9.28,13400,57.74,2
2019-08-03,2019,55930,0.0,65.0,9.31,13300,59.0,3
2019-08-04,2019,62687,0.0,65.5,9.27,13400,59.18,4
2019-08-05,2019,72712,0.0,61.5,,13500,58.46,5
2019-08-06,2019,76394,,66.0,9.36,13700,58.64,6
2019-08-07,2019,61264,0.0,63.0,9.4,14100,57.92,10
2019-08-08,2019,48046,0.0,66.5,9.43,14400,58.28,11
2019-08-09,2019,37042,0.0,61.5,9.47,14700,56.84,12
2019-08-10,2019,32759,0.0,62.0,9.68,14800,58.64,13
2019-08-11,2019,32146,0.0,62.0,9.75,14700,60.980000000000004,14
2019-08-12,2019,25377,0.0,57.0,,14600,61.519999999999996,15
2019-08-13,2019,22158,,66.0,9.53,14400,63.86,16
2019-08-14,2019,25809,,65.5,9.46,14400,62.24,17
2019-08-15,2019,24908,0.0,64.0,9.43,14300,61.34,20
2019-08-16,2019,22220,0.0,60.0,9.4,14200,61.16,21
2019-08-17,2019,18146,0.0,62.0,9.39,14200,57.2,22
2019-08-18,2019,16763,0.0,59.5,,14200,52.7,23
2019-08-19,2019,10131,0.0,54.5,9.39,13800,48.379999999999995,24
2018-07-01,2018,1966,0.0,54.5,9.45,14900,48.56,24
2018-07-02,2018,3694,0.0,56.5,9.41,14500,49.28,25
2018-07-03,2018,2394,0.0,59.0,9.36,14400,49.64,26
2018-07-04,2018,4559,0.0,60.5,9.42,14500,50.540000000000006,27
2018-07-05,2018,5065,0.0,61.0,9.45,14700,52.519999999999996,28
2018-07-06,2018,6505,0.0,63.5,9.47,14900,53.42,30
2018-07-07,2018,7786,0.0,58.5,9.52,15300,57.56,31
2018-07-08,2018,5544,0.05,55.5,9.86,15900,56.120000000000005,32
2018-07-09,2018,5724,0.2,53.5,9.96,16400,51.44,33
2018-07-10,2018,3744,0.11,53.0,10.16,16800,51.08,34
2018-07-11,2018,4062,0.01,52.5,10.18,17200,51.08,35
2018-07-12,2018,14898,0.0,49.5,,17300,51.08,0
2018-07-13,2018,23394,0.02,53.5,10.2,17200,50.18,1
2018-07-14,2018,8593,0.16,55.5,10.15,17000,50.900000000000006,2
2018-07-15,2018,7662,0.05,56.0,10.06,16600,51.08,3
2018-07-16,2018,7110,0.0,56.5,9.99,16100,50.900000000000006,4
2018-07-17,2018,11072,0.0,56.0,9.87,15700,51.980000000000004,5
2018-07-18,2018,19280,0.0,55.0,9.52,15200,53.06,6
2018-07-19,2018,30293,0.0,53.0,9.48,14700,52.7,10
2018-07-20,2018,33858,0.0,56.5,9.45,14300,50.18,11
2018-07-21,2018,62503,0.0,57.0,9.31,14000,52.879999999999995,12
2018-07-22,2018,24618,0.0,57.5,9.25,13700,52.519999999999996,13
2018-07-23,2018,33606,0.21,55.5,,13700,53.42,14
2018-07-24,2018,25466,0.41,58.0,9.25,13800,55.22,15
2018-07-25,2018,14129,0.12,57.5,9.29,13900,54.32,16
2018-07-26,2018,15316,0.02,60.5,9.43,14100,53.78,17
2018-07-27,2018,16043,0.02,57.0,9.5,14400,53.96,20
2018-07-28,2018,8923,0.04,58.5,9.5,14600,52.7,21
2018-07-29,2018,11482,0.0,59.0,9.53,14900,53.42,22
2018-07-30,2018,14879,0.0,60.0,9.83,15400,53.78,23
2018-07-31,2018,18579,,65.5,9.89,15600,52.519999999999996,24
2018-08-01,2018,22734,,58.0,9.93,15600,52.879999999999995,25
2018-08-02,2018,17967,0.78,55.5,9.89,15700,51.980000000000004,26
2018-08-03,2018,22848,0.13,63.5,10.01,16200,53.24,27
2018-08-04,2018,27423,0.0,61.5,10.02,16000,53.24,30
2018-08-05,2018,31944,0.0,60.5,9.94,15800,53.6,31
2018-08-06,2018,30190,0.03,60.5,9.9,15900,53.78,32
2018-08-07,2018,55768,,58.0,10.02,16200,52.7,33
2018-08-08,2018,11146,0.03,58.0,10.02,16100,53.78,34
2018-08-09,2018,14372,,55.5,9.94,15700,53.6,35
2018-08-10,2018,14265,0.01,49.5,9.74,15200,53.78,36
2018-08-11,2018,26837,0.37,55.5,9.49,14800,54.32,0
2018-08-12,2018,40040,0.35,62.0,7.27,14900,54.5,1
2018-08-13,2018,16205,,56.5,9.38,14700,51.8,2
2018-08-14,2018,6692,,56.5,9.35,14500,50.0,3
2018-08-15,2018,12195,0.07,50.5,,14300,50.0,4
2018-08-16,2018,18030,0.17,54.0,,14000,51.08,5
2018-08-17,2018,23000,,51.5,,13500,50.900000000000006,6
2018-08-18,2018,26642,,52.0,9.18,13000,51.620000000000005,10
2018-08-19,2018,29068,0.15,55.5,9.12,12700,51.980000000000004,11
2018-08-20,2018,27787,0.03,56.5,9.1,12600,51.44,12
2018-08-21,2018,17005,0.02,56.5,9.11,12700,51.26,13
2018-08-22,2018,6539,,58.0,9.15,12900,51.8,14
2018-08-23,2018,28895,0.29,53.5,,13200,50.72,15
2018-08-24,2018,17189,0.01,55.0,,13600,51.08,16
2018-08-25,2018,19651,0.05,50.0,9.31,13600,50.0,17
2018-08-26,2018,7795,0.51,55.0,9.27,13500,50.72,20
2018-08-27,2018,9351,0.0,50.0,9.3,13600,51.44,21
2018-08-28,2018,1436,0.0,51.0,9.2,13300,51.26,22
2017-07-01,2017,2924,0.01,55.0,7.67,10600,49.82,11
2017-07-02,2017,4088,0.48,51.5,7.82,11000,50.0,12
2017-07-03,2017,4880,0.14,53.0,8.01,11400,50.0,13
2017-07-04,2017,8652,0.0,55.5,8.34,11800,50.72,14
2017-07-05,2017,8833,0.0,60.0,8.39,12000,52.7,15
2017-07-06,2017,5676,0.03,54.5,8.49,12400,52.7,16
2017-07-07,2017,9688,,60.5,8.57,12700,52.7,17
2017-07-08,2017,12138,0.22,52.5,8.6,12800,54.32,20
2017-07-09,2017,17946,0.18,53.5,8.61,12900,55.040000000000006,21
2017-07-10,2017,19932,0.0,54.0,8.61,12800,53.96,22
2017-07-11,2017,9390,0.0,54.0,8.58,12600,54.32,23
2017-07-12,2017,11330,0.0,55.0,8.49,12400,54.32,24
2017-07-13,2017,8346,0.0,59.5,8.48,12300,54.5,25
2017-07-14,2017,6565,0.14,57.5,8.53,12700,56.66,26
2017-07-15,2017,9180,,57.0,8.75,13300,54.86,27
2017-07-16,2017,10185,0.0,55.5,8.79,13300,53.06,30
2017-07-17,2017,30081,0.02,56.0,8.79,13300,53.24,31
2017-07-18,2017,30486,0.88,55.0,8.83,13500,52.16,32
2017-07-19,2017,24480,0.17,56.5,9.17,14100,52.16,33
2017-07-20,2017,29730,0.04,61.0,9.18,14400,51.620000000000005,34
2017-07-21,2017,27450,0.0,52.0,9.18,14400,53.42,35
2017-07-22,2017,14280,0.0,57.5,9.3,14400,54.14,36
2017-07-23,2017,27864,0.0,55.5,9.4,14500,55.400000000000006,0
2017-07-24,2017,48467,,57.0,9.48,14700,57.379999999999995,1
2017-07-25,2017,59951,0.02,54.0,9.47,14700,55.040000000000006,2
2017-07-26,2017,71904,0.25,54.5,9.41,14600,54.5,3
2017-07-27,2017,66624,,56.5,9.27,14500,55.22,4
2017-07-28,2017,53887,0.02,56.0,9.17,14200,54.86,5
2017-07-29,2017,56765,0.0,55.5,9.06,14000,55.22,6
2017-07-30,2017,25104,0.0,56.5,8.88,13600,55.76,10
2017-07-31,2017,30523,0.0,59.5,8.75,13300,56.84,11
2017-08-01,2017,30222,0.0,58.5,8.63,13100,57.56,12
2017-08-02,2017,13064,0.01,57.5,8.61,13000,56.66,13
2017-08-03,2017,23180,0.02,57.0,8.61,12900,55.76,14
2017-08-04,2017,20405,0.0,59.5,8.63,13000,56.66,15
2017-08-05,2017,17137,0.0,64.0,8.64,13000,56.480000000000004,16
2017-08-06,2017,32544,0.0,56.0,8.61,12900,56.66,17
2017-08-07,2017,56283,0.08,56.5,8.66,12900,54.86,20
2017-08-08,2017,30678,0.0,62.0,8.66,13000,57.56,21
2017-08-09,2017,13072,0.26,58.0,8.66,13000,56.120000000000005,22
2017-08-10,2017,8620,0.14,58.0,,13100,55.400000000000006,23
2017-08-11,2017,13168,0.15,55.5,,13000,54.86,24
2017-08-12,2017,18558,0.04,56.5,8.63,12900,54.14,25
2017-08-13,2017,30833,0.02,54.5,8.63,12900,53.24,26
2017-08-14,2017,35256,0.0,54.0,8.57,12700,52.879999999999995,30
2017-08-15,2017,21046,0.0,55.0,8.44,12400,54.32,31
2017-08-16,2017,16629,,52.0,8.34,12100,54.5,32
2017-08-17,2017,30362,0.01,48.5,8.23,11900,54.32,33
2017-08-18,2017,33151,0.49,49.0,8.15,11500,53.6,34
2017-08-19,2017,32187,,53.5,8.08,11000,53.96,35
2017-08-20,2017,23203,0.54,50.0,8.04,10600,53.6,36
2017-08-21,2017,20586,0.2,54.5,8.02,10500,53.24,0
2017-08-22,2017,12087,0.0,56.0,8.04,10600,53.96,1
2017-08-23,2017,12268,0.28,50.5,8.03,10500,53.78,2
2017-08-24,2017,16610,0.62,53.0,8.04,10700,53.42,3
2016-07-01,2016,11786,0.35,53.5,,17900,54.32,34
2016-07-02,2016,13035,0.01,56.5,10.38,17500,53.24,35
2016-07-03,2016,12018,0.0,58.0,10.31,17300,53.6,36
2016-07-04,2016,32648,,58.5,10.17,17000,55.040000000000006,0
2016-07-05,2016,35839,0.14,56.0,10.16,17000,53.06,1
2016-07-06,2016,31464,0.61,57.0,10.17,17000,52.7,2
2016-07-07,2016,20872,0.03,57.0,10.14,16900,54.32,3
2016-07-08,2016,19449,0.0,56.5,10.09,16700,54.68,4
2016-07-09,2016,22224,0.0,55.0,10.02,16400,54.5,5
2016-07-10,2016,31028,0.0,60.0,10.05,16400,56.84,6
2016-07-11,2016,50695,0.03,62.0,,16200,55.58,10
2016-07-12,2016,44322,0.0,60.5,9.97,16100,55.94,11
2016-07-13,2016,45852,0.0,59.5,9.97,16000,56.120000000000005,12
2016-07-14,2016,45797,0.0,62.0,9.96,16000,56.120000000000005,13
2016-07-15,2016,50674,0.0,58.5,9.98,16100,58.82,14
2016-07-16,2016,36338,0.0,56.5,9.97,15900,57.74,15
2016-07-17,2016,36852,0.0,57.0,9.95,15800,59.36,16
2016-07-18,2016,34753,0.0,61.0,9.98,16000,58.82,17
2016-07-19,2016,18300,0.0,63.5,10.08,16400,57.74,20
2016-07-20,2016,15046,0.0,63.0,10.12,16700,56.3,21
2016-07-21,2016,27852,,65.0,10.15,16800,56.84,22
2016-07-22,2016,40031,0.22,58.5,10.21,17200,59.540000000000006,23
2016-07-23,2016,52398,0.0,61.0,10.36,17500,59.36,24
2016-07-24,2016,13740,0.09,58.0,10.41,17800,55.22,25
2016-07-25,2016,21918,0.35,57.5,10.4,17800,56.84,26
2016-07-26,2016,20118,0.04,57.5,10.42,17700,56.480000000000004,30
2016-07-27,2016,17389,0.03,61.5,10.39,17500,56.480000000000004,31
2016-07-28,2016,34610,0.01,62.5,10.39,17500,57.379999999999995,32
2016-07-29,2016,15556,,58.0,10.42,17500,57.019999999999996,33
2016-07-30,2016,24077,0.0,59.5,10.39,17700,55.76,34
2016-07-31,2016,35248,0.0,58.5,10.29,17500,55.94,35
2016-08-01,2016,52674,0.02,59.5,10.18,17400,57.019999999999996,36
2016-08-02,2016,27678,0.3,61.5,10.14,17300,56.66,0
2016-08-03,2016,37554,0.0,54.5,10.08,17000,55.400000000000006,1
2016-08-04,2016,44055,0.77,56.0,9.99,16800,55.400000000000006,2
2016-08-05,2016,30402,0.23,59.5,10.07,17100,54.5,3
2016-08-06,2016,22968,0.43,58.0,10.14,17400,54.14,4
2016-08-07,2016,24244,0.73,58.0,10.35,17900,52.7,5
2016-08-08,2016,24313,0.35,58.0,10.44,18300,52.519999999999996,6
2016-08-09,2016,24556,,58.0,10.53,18600,52.879999999999995,7
2016-08-10,2016,24225,0.11,53.0,10.56,18500,53.06,10
2016-08-11,2016,24066,0.51,55.0,10.41,18200,52.519999999999996,11
2016-08-12,2016,25061,0.04,56.5,10.37,18000,53.78,12
2016-08-13,2016,26637,0.07,62.5,10.31,17700,54.5,13
2016-08-14,2016,25645,0.04,58.0,10.25,17600,53.6,14
2016-08-15,2016,18338,0.0,59.5,10.32,17700,53.78,15
2016-08-16,2016,15396,0.0,57.5,10.33,17700,54.86,16
2016-08-17,2016,8383,0.2,56.5,10.36,17800,54.32,17
2016-08-18,2016,8209,,60.0,10.39,17900,53.96,20
2016-08-19,2016,7359,0.0,56.5,10.38,17800,53.6,21
2015-07-01,2015,4880,0.0,51.0,9.46,14100,53.24,20
2015-07-02,2015,5850,0.04,55.0,9.48,14300,51.44,21
2015-07-03,2015,7658,0.0,56.5,9.5,14400,52.34,22
2015-07-04,2015,7398,0.09,56.0,9.58,14600,54.32,23
2015-07-05,2015,8592,0.01,62.0,9.63,15000,53.24,24
2015-07-06,2015,11294,0.02,60.0,9.86,15400,53.24,25
2015-07-07,2015,13287,0.06,56.0,10.02,16000,52.34,26
2015-07-08,2015,12840,0.0,54.5,10.1,16300,49.82,30
2015-07-09,2015,22770,,55.0,10.04,16200,49.82,31
2015-07-10,2015,15587,0.0,56.5,9.99,15900,52.16,32
2015-07-11,2015,12135,0.0,54.5,9.91,15500,51.620000000000005,33
2015-07-12,2015,12373,0.11,58.0,9.68,15300,52.519999999999996,34
2015-07-13,2015,20172,0.32,58.0,9.62,15100,55.400000000000006,35
2015-07-14,2015,24744,0.06,55.5,9.61,15000,53.96,36
2015-07-15,2015,15148,0.16,55.5,9.5,14600,53.42,0
2015-07-16,2015,18114,0.22,55.5,9.48,14600,53.24,1
2015-07-17,2015,17529,0.12,56.0,9.49,14600,51.26,2
2015-07-18,2015,20009,0.0,56.5,9.57,14700,50.72,3
2015-07-19,2015,49158,0.0,52.5,9.54,14800,50.900000000000006,4
2015-07-20,2015,53600,0.0,56.5,,14900,52.34,5
2015-07-21,2015,32547,0.0,53.0,9.57,14900,52.519999999999996,6
2015-07-22,2015,27262,0.18,54.5,9.57,14700,52.879999999999995,7
2015-07-23,2015,75150,0.06,58.5,9.57,14800,54.32,10
2015-07-24,2015,57280,0.0,58.0,9.5,14600,54.32,11
2015-07-25,2015,72100,0.13,58.5,9.47,14300,54.5,12
2015-07-26,2015,66442,0.05,56.0,9.49,14400,54.14,13
2015-07-27,2015,49749,,55.5,9.46,14400,54.14,14
2015-07-28,2015,58985,0.05,59.5,,14400,56.3,15
2015-07-29,2015,41620,,58.5,9.47,14500,56.3,16
2015-07-30,2015,34791,0.0,59.5,9.48,14400,55.22,17
2015-07-31,2015,21565,0.0,56.5,9.45,14100,56.120000000000005,20
2015-08-01,2015,42730,0.0,60.0,9.16,13800,58.28,21
2015-08-02,2015,35975,0.0,57.5,9.14,13500,58.82,22
2015-08-03,2015,24064,0.0,58.5,8.88,13200,59.0,23
2015-08-04,2015,21743,0.0,63.5,8.87,13000,58.28,24
2015-08-05,2015,48318,0.0,57.5,8.96,12900,59.72,25
2015-08-06,2015,43038,0.0,56.5,8.9,12700,58.82,30
2015-08-07,2015,43429,0.0,55.5,8.75,12500,60.08,31
2015-08-08,2015,46631,,53.0,,12300,59.540000000000006,32
2015-08-09,2015,28866,0.16,56.0,8.46,12300,58.64,33
2015-08-10,2015,23899,0.0,58.0,8.74,12500,56.84,34
2015-08-11,2015,36822,0.0,53.5,8.58,12300,57.019999999999996,35
2015-08-12,2015,32700,0.0,50.0,8.54,12000,56.84,36
2015-08-13,2015,30411,0.0,53.0,8.5,11800,57.019999999999996,37
2015-08-14,2015,35817,0.0,56.0,8.41,11500,57.2,0
2015-08-15,2015,34401,0.42,53.0,8.39,11400,57.019999999999996,1
2015-08-16,2015,36221,0.4,55.5,8.38,11300,56.66,2
2015-08-17,2015,28851,0.28,57.0,8.34,11300,57.019999999999996,3
2015-08-18,2015,20370,,61.0,8.34,11400,56.480000000000004,4
2015-08-19,2015,32591,0.0,56.0,8.4,11500,54.68,5
2015-08-20,2015,42023,0.0,52.5,8.38,11400,56.3,6
2015-08-21,2015,22582,0.02,56.0,8.35,11300,55.94,7
2015-08-22,2015,19153,0.0,55.5,,11200,56.66,10
2015-08-23,2015,24346,0.0,51.5,8.23,11100,55.040000000000006,11
2015-08-24,2015,26910,0.0,50.5,8.18,10900,53.96,12
2015-08-25,2015,23109,0.0,56.5,,10700,54.5,13
2015-08-26,2015,13424,0.01,58.0,8.1,10500,56.3,14
2014-07-01,2014,10392,0.0,53.0,8.31,10900,52.34,4
2014-07-02,2014,9240,0.0,57.0,8.28,10900,52.7,5
2014-07-03,2014,10794,0.0,60.0,8.34,10900,52.519999999999996,6
2014-07-04,2014,9288,0.0,57.0,8.36,11000,52.16,7
2014-07-05,2014,11574,0.0,53.5,8.43,11200,55.76,10
2014-07-06,2014,29490,0.15,58.0,8.53,11400,57.379999999999995,11
2014-07-07,2014,29052,,59.5,8.63,11700,55.58,12
2014-07-08,2014,16872,0.0,56.0,8.81,12000,54.5,13
2014-07-09,2014,24201,0.47,55.0,8.73,12100,52.7,14
2014-07-10,2014,20312,1.14,53.5,8.87,12400,53.24,15
2014-07-11,2014,12606,0.03,58.0,9.45,13400,52.7,16
2014-07-12,2014,23779,0.02,56.5,9.6,14400,53.06,20
2014-07-13,2014,31889,0.01,55.5,9.65,14900,52.879999999999995,21
2014-07-14,2014,23118,0.0,53.5,9.99,15500,53.42,22
2014-07-15,2014,23863,0.0,53.5,10.06,16000,53.42,23
2014-07-16,2014,20934,0.0,55.0,10.11,16200,53.06,24
2014-07-17,2014,33144,0.0,56.0,10.12,16200,54.14,25
2014-07-18,2014,39024,0.0,56.5,10.05,15800,56.66,30
2014-07-19,2014,16608,0.01,59.0,9.81,15200,54.14,31
2014-07-20,2014,34104,0.0,57.0,9.63,14700,52.16,32
2014-07-21,2014,63954,0.0,55.0,9.58,14200,53.06,33
2014-07-22,2014,44241,,52.5,9.49,13700,53.24,34
2014-07-23,2014,37492,0.01,58.5,9.46,13400,52.879999999999995,35
2014-07-24,2014,37812,0.16,54.5,9.46,13400,55.040000000000006,36
2014-07-25,2014,29844,0.31,54.0,9.34,13200,54.32,37
2014-07-26,2014,32013,0.0,55.0,9.32,13200,54.32,0
2014-07-27,2014,22073,0.0,54.5,9.16,12800,56.3,1
2014-07-28,2014,31590,0.6,54.5,9.0,12500,57.379999999999995,2
2014-07-29,2014,38565,0.03,59.5,8.92,12300,56.84,3
2014-07-30,2014,58024,0.0,57.0,8.73,12100,57.74,4
2014-07-31,2014,66786,0.0,57.0,8.65,11900,58.1,5
2014-08-01,2014,35535,0.0,55.0,8.62,11800,56.480000000000004,6
2014-08-02,2014,33971,0.0,58.0,8.57,11700,56.120000000000005,7
2014-08-03,2014,50791,0.33,59.0,8.58,11700,57.74,10
2014-08-04,2014,54803,0.29,58.5,8.58,11800,57.74,11
2014-08-05,2014,111807,0.0,59.5,8.55,11800,57.74,12
2014-08-06,2014,63682,0.0,56.5,8.62,11900,57.56,13
2014-08-07,2014,58124,0.01,58.0,8.68,12100,56.84,14
2014-08-08,2014,55101,0.05,58.5,8.9,12400,55.040000000000006,15
2014-08-09,2014,53381,0.11,59.5,9.46,13400,54.14,16
2014-08-10,2014,58086,0.06,61.5,,14700,54.5,20
2014-08-11,2014,30430,,63.5,10.05,15900,55.58,21
2014-08-12,2014,14234,0.13,59.5,10.34,17200,55.040000000000006,22
2014-08-13,2014,4484,0.15,60.0,10.63,18700,54.68,23
2014-08-13,2014,4484,0.15,60.0,10.86,18700,54.68,23
2014-08-14,2014,6048,0.69,58.0,11.05,20400,54.5,24
2013-07-01,2013,7530,0.4,52.5,10.02,15800,,32
2013-07-02,2013,4380,0.01,51.5,9.97,15700,,33
2013-07-03,2013,4164,,51.0,9.97,15500,,34
2013-07-04,2013,10655,0.17,49.0,9.92,15400,,35
2013-07-05,2013,11454,0.02,53.0,9.9,15300,,36
2013-07-06,2013,4915,0.1,54.5,9.65,15200,,37
2013-07-07,2013,3508,0.32,51.0,9.65,15300,,38
2013-07-08,2013,3514,0.0,50.0,9.91,15400,,0
2013-07-09,2013,6814,0.0,52.5,,15200,,1
2013-07-10,2013,18270,0.0,59.0,9.62,15000,,2
2013-07-11,2013,33702,0.0,60.5,9.62,14800,,3
2013-07-12,2013,10086,0.0,58.5,9.61,14700,,4
2013-07-13,2013,9090,0.0,54.0,9.61,14600,,5
2013-07-14,2013,24520,0.0,55.0,9.52,14500,,6
2013-07-15,2013,93151,0.0,53.0,9.47,14400,,10
2013-07-16,2013,247084,,56.5,9.48,14200,,11
2013-07-17,2013,215636,0.0,55.5,9.52,14100,,12
2013-07-18,2013,117785,0.0,58.0,9.49,14100,,13
2013-07-19,2013,92771,0.0,62.0,9.48,14100,,14
2013-07-20,2013,81281,0.0,59.0,9.46,14300,,15
2013-07-21,2013,38302,0.0,59.0,9.57,14400,,16
2013-07-22,2013,24900,0.0,63.0,9.62,14600,,20
2013-07-23,2013,29796,0.0,58.5,9.7,14800,,21
2013-07-24,2013,17993,0.0,59.5,9.92,15000,,22
2013-07-25,2013,13542,1.86,57.5,9.97,15200,,23
2013-07-26,2013,21954,0.08,57.5,10.03,15500,,24
2013-07-27,2013,29878,0.0,54.5,10.02,15600,,25
2013-07-28,2013,28039,0.0,56.5,10.0,15500,,26
2013-07-29,2013,29100,0.0,54.0,10.01,15500,,30
2013-07-30,2013,23908,0.0,57.0,10.03,15600,,31
2013-07-31,2013,18140,0.0,59.0,10.02,15600,,32
2013-08-01,2013,22992,,59.0,10.03,15600,,33
2013-08-02,2013,16922,0.04,60.0,10.01,15500,,34
2013-08-03,2013,11583,0.06,60.0,10.07,15800,,35
2013-08-04,2013,8437,0.19,56.0,10.1,16000,,36
2013-08-05,2013,9392,0.09,56.5,10.11,16100,,37
2013-08-06,2013,7368,,57.5,10.13,16400,,0
2013-08-07,2013,7337,0.11,59.0,10.37,17000,,1
2012-07-01,2012,3970,0.0,52.0,9.8,14900,,15
2012-07-02,2012,8970,0.0,48.0,9.54,14600,,16
2012-07-03,2012,7067,0.2,49.5,9.52,14300,,20
2012-07-04,2012,5514,0.2,51.0,9.5,14100,,21
2012-07-05,2012,4913,0.03,54.5,,13700,,22
2012-07-06,2012,3426,,53.0,9.26,13500,,23
2012-07-07,2012,3648,0.01,57.5,9.21,13200,,24
2012-07-08,2012,5466,0.02,51.0,9.17,13200,,25
2012-07-09,2012,6470,0.01,49.0,9.21,13200,,26
2012-07-10,2012,6774,,50.0,9.22,13200,,30
2012-07-11,2012,12054,,48.5,9.36,13300,,31
2012-07-12,2012,9726,0.15,50.0,9.48,13500,,32
2012-07-13,2012,10548,,53.0,9.42,13400,,33
2012-07-14,2012,20214,0.19,54.0,9.33,13200,,34
2012-07-15,2012,119274,0.21,51.5,9.35,13300,,35
2012-07-16,2012,196356,0.0,52.0,9.18,13300,,36
2012-07-17,2012,72726,,58.5,9.06,13200,,37
2012-07-18,2012,31606,0.0,58.5,9.03,13000,,0
2012-07-19,2012,28722,0.0,53.0,8.93,12900,,1
2012-07-20,2012,40230,0.03,55.5,9.02,12900,,2
2012-07-21,2012,97914,0.54,56.5,9.06,13200,,3
2012-07-22,2012,110898,0.27,56.5,9.49,14100,,4
2012-07-23,2012,88255,0.02,53.0,9.51,14400,,5
2012-07-24,2012,51222,0.0,55.5,9.51,14500,,6
2012-07-25,2012,61420,0.0,53.5,9.51,14500,,7
2012-07-26,2012,61812,0.0,54.5,9.53,14600,,10
2012-07-27,2012,65250,0.0,53.5,9.55,14700,,11
2012-07-28,2012,63438,0.0,52.0,9.48,14700,,12
2012-07-29,2012,69870,0.16,56.5,9.61,15000,,13
2012-07-30,2012,43494,0.45,55.0,9.63,15200,,14
2012-07-31,2012,40920,,53.5,9.62,15100,,15
2012-08-01,2012,24876,0.19,55.0,9.6,15000,,20
2012-08-02,2012,25284,0.04,53.0,9.63,15200,,21
2012-08-03,2012,18102,0.0,52.0,9.62,15100,,22
2012-08-04,2012,16908,0.08,50.0,9.61,14900,,23
2012-08-05,2012,22080,0.01,54.0,9.56,14700,,24
2012-08-06,2012,14604,0.0,57.0,,14400,,25
2012-08-07,2012,10278,0.0,48.5,9.5,14000,,26
2012-08-08,2012,10764,0.0,55.5,9.49,13600,,27
2012-08-09,2012,11118,0.0,56.5,9.36,13200,,30
2012-08-10,2012,13968,,56.5,9.17,12900,,31
2012-08-11,2012,9560,0.0,58.0,8.95,12600,,32
2012-08-12,2012,10309,0.0,54.5,8.81,12300,,33
2012-08-13,2012,8273,0.0,56.5,8.74,12100,,34
2012-08-14,2012,13338,0.0,61.0,8.68,11900,,35
2012-08-15,2012,13709,,57.5,8.63,11900,,36
2012-08-16,2012,6217,0.02,55.0,8.64,11800,,37
2011-07-01,2011,2256,0.0,55.5,7.53,9000,,0
2011-07-02,2011,4260,0.39,50.5,7.57,9290,,1
2011-07-03,2011,3084,0.0,50.5,,9680,,2
2011-07-04,2011,2244,0.0,49.5,8.4,9860,,3
2011-07-05,2011,4272,0.0,52.5,8.04,10100,,4
2011-07-06,2011,4647,0.0,51.5,8.15,10600,,5
2011-07-07,2011,5302,0.0,51.5,,10800,,10
2011-07-08,2011,4737,0.0,54.0,8.31,10900,,11
2011-07-09,2011,6522,,53.5,8.35,10900,,12
2011-07-10,2011,6846,0.01,54.5,8.36,10900,,13
2011-07-11,2011,3510,0.14,55.0,8.31,10800,,14
2011-07-12,2011,3102,0.11,55.0,8.31,10800,,15
2011-07-13,2011,3822,0.0,54.5,8.35,10800,,16
2011-07-14,2011,6400,,58.5,,10800,,20
2011-07-15,2011,2916,0.0,56.5,8.36,10900,,21
2011-07-16,2011,27826,0.0,53.5,8.35,10900,,22
2011-07-17,2011,230643,0.25,54.0,8.4,11100,,23
2011-07-18,2011,177053,0.0,54.5,8.4,11300,,24
2011-07-19,2011,87978,0.0,54.0,8.46,11400,,25
2011-07-20,2011,113178,0.0,53.5,8.49,11500,,26
2011-07-21,2011,90426,0.11,56.0,8.51,11600,,27
2011-07-22,2011,37974,0.0,57.0,8.55,11700,,30
2011-07-23,2011,106313,0.21,55.0,8.46,11900,,31
2011-07-24,2011,110772,0.11,52.0,8.62,12000,,32
2011-07-25,2011,79518,0.09,52.0,8.64,12100,,33
2011-07-26,2011,77982,0.06,56.5,8.63,12100,,34
2011-07-27,2011,73092,0.02,57.0,8.64,12100,,35
2011-07-28,2011,55470,0.0,53.5,8.64,12000,,36
2011-07-29,2011,36540,0.0,50.5,8.61,12000,,37
2011-07-30,2011,30384,0.0,59.0,8.59,11800,,0
2011-07-31,2011,18240,0.0,51.0,8.57,11700,,1
2011-08-01,2011,21714,0.09,56.0,,11800,,2
2011-08-02,2011,20707,0.8,56.0,,12100,,3
2011-08-03,2011,10396,0.28,57.5,,12600,,4
2011-08-04,2011,10074,0.18,52.0,8.86,13100,,5
2011-08-05,2011,11220,0.11,52.0,9.15,13600,,6
2011-08-06,2011,22086,0.39,49.0,9.38,14200,,10
2011-08-07,2011,17316,0.22,52.0,9.49,14700,,11
2011-08-08,2011,6114,0.02,49.0,9.51,14900,,12
2011-08-09,2011,12198,0.05,51.5,9.54,14800,,13
2011-08-10,2011,16524,0.0,51.5,9.36,14400,,14
2011-08-11,2011,11326,0.0,52.0,9.24,13800,,15
2011-08-12,2011,12204,,52.5,8.94,13300,,16
2011-08-13,2011,10029,0.07,54.5,8.76,12900,,20
2010-07-01,2010,5094,,57.5,8.44,11100,,25
2010-07-02,2010,5562,0.04,55.5,8.44,11100,,26
2010-07-03,2010,3738,0.1,55.0,8.27,11100,,27
2010-07-04,2010,7437,0.09,54.5,8.44,11100,,30
2010-07-05,2010,13122,0.07,59.0,8.54,11300,,31
2010-07-06,2010,14768,,54.5,8.58,11700,,32
2010-07-07,2010,6115,0.05,56.5,8.62,12000,,33
2010-07-08,2010,10338,0.07,57.5,8.7,12500,,34
2010-07-09,2010,7332,0.04,56.5,8.95,13400,,35
2010-07-10,2010,6756,0.2,58.5,8.97,13700,,36
2010-07-11,2010,10770,0.0,58.0,9.32,13900,,0
2010-07-12,2010,18508,,55.0,9.38,14200,,1
2010-07-13,2010,31955,0.15,58.0,9.49,14800,,2
2010-07-14,2010,22035,0.0,59.5,9.8,15500,,3
2010-07-15,2010,30114,0.0,58.0,9.83,15600,,4
2010-07-16,2010,64548,0.0,55.5,9.84,15700,,5
2010-07-17,2010,85242,0.0,53.5,9.83,15600,,6
2010-07-18,2010,91337,0.51,56.0,9.83,15600,,10
2010-07-19,2010,111138,0.01,57.5,9.87,15600,,11
2010-07-20,2010,75102,0.46,56.5,9.85,15600,,12
2010-07-21,2010,65388,,58.0,,15600,,13
2010-07-22,2010,51073,0.0,55.5,9.79,15400,,14
2010-07-23,2010,45876,0.01,54.0,9.43,15000,,15
2010-07-24,2010,21696,0.13,53.5,9.4,14600,,16
2010-07-25,2010,54162,0.3,55.5,9.4,14600,,20
2010-07-26,2010,24486,0.86,55.0,9.47,14700,,21
2010-07-27,2010,23064,0.0,57.0,9.51,14900,,22
2010-07-28,2010,26694,0.01,54.5,,14700,,23
2010-07-29,2010,19392,0.01,57.5,9.41,14600,,24
2010-07-30,2010,18450,0.33,60.0,9.41,14700,,25
2010-07-31,2010,15582,0.07,59.5,9.57,15200,,26
2010-08-01,2010,19446,0.02,59.0,9.79,15300,,27
2010-08-02,2010,31314,0.01,61.0,9.58,15200,,30
2010-08-03,2010,51126,0.08,59.0,9.56,15100,,31
2010-08-04,2010,19341,0.44,59.5,9.81,15400,,32
2010-08-05,2010,14718,0.02,57.0,9.91,16000,,33
2010-08-06,2010,15642,0.2,56.0,9.89,16000,,34
2010-08-07,2010,16667,0.09,55.5,9.89,16100,,35
2010-08-08,2010,16019,0.08,58.0,9.89,16100,,36
2010-08-09,2010,16101,0.07,59.0,9.9,16000,,0
2010-08-10,2010,13775,0.05,56.0,9.86,15900,,1
2010-08-11,2010,8439,0.01,58.0,9.86,15800,,2
2010-08-12,2010,7795,0.09,57.0,9.81,15500,,3
2010-08-13,2010,11549,0.25,59.0,9.74,15300,,4
2010-08-14,2010,12718,0.01,62.5,9.79,15300,,5
2010-08-15,2010,17871,,62.5,9.81,15500,,6
2010-08-16,2010,17206,0.1,57.5,9.86,15800,,10
2010-08-17,2010,7760,0.15,57.5,9.89,16000,,11
2010-08-18,2010,6408,,59.5,9.87,15800,,12
2010-08-19,2010,4116,0.0,52.5,9.82,15600,,13
2009-07-01,2009,3769,0.0,52.5,7.53,9310,,12
2009-07-02,2009,4851,0.0,54.0,7.53,9330,,13
2009-07-03,2009,5491,0.0,54.0,7.56,9460,,14
2009-07-04,2009,8027,0.0,57.0,7.56,9570,,15
2009-07-05,2009,7135,0.0,56.5,7.74,9780,,16
2009-07-06,2009,6476,0.0,58.5,7.77,10100,,17
2009-07-07,2009,9017,0.0,62.0,,10600,,20
2009-07-08,2009,6714,0.0,62.5,8.16,11100,,21
2009-07-09,2009,8909,0.0,58.0,8.39,11700,,22
2009-07-10,2009,7659,0.0,59.5,8.53,12300,,23
2009-07-11,2009,11553,0.0,54.5,8.67,12900,,24
2009-07-12,2009,30042,0.0,56.5,8.77,13400,,25
2009-07-13,2009,18049,0.0,55.0,8.78,13800,,26
2009-07-14,2009,31236,0.0,58.0,8.88,14300,,27
2009-07-15,2009,72633,0.0,58.0,8.96,14600,,30
2009-07-16,2009,82189,0.0,56.5,9.04,14900,,31
2009-07-17,2009,76936,0.0,62.0,9.23,15100,,32
2009-07-18,2009,52735,0.03,57.0,9.43,15300,,33
2009-07-19,2009,38239,0.14,56.5,9.48,15600,,34
2009-07-20,2009,67090,0.01,61.5,9.49,15700,,35
2009-07-21,2009,40108,,56.0,9.55,15900,,0
2009-07-22,2009,12796,0.03,56.5,9.8,16600,,1
2009-07-23,2009,16311,0.01,57.0,10.09,17800,,2
2009-07-24,2009,23075,0.03,57.5,10.46,18400,,3
2009-07-25,2009,11546,0.26,59.0,10.44,19000,,4
2009-07-26,2009,15834,0.01,59.5,10.7,19800,,5
2009-07-27,2009,53190,0.11,61.0,10.89,20400,,6
2009-07-28,2009,58153,0.14,56.0,10.93,21000,,10
2009-07-29,2009,46218,0.25,58.0,11.26,21800,,11
2009-07-30,2009,39319,0.11,53.5,,22700,,12
2009-07-31,2009,39958,,55.0,11.63,23400,,13
2009-07-31,2009,39958,,55.0,11.68,23400,,13
2009-08-01,2009,26046,0.0,49.0,11.69,23700,,14
2009-08-02,2009,29696,0.0,58.0,11.58,23300,,15
2009-08-03,2009,32488,0.0,58.0,11.36,22400,,16
2009-08-04,2009,19799,0.3,55.5,11.21,21500,,17
2009-08-05,2009,17621,,56.5,10.96,20800,,20
2009-08-06,2009,10633,,55.0,10.74,19900,,21
2009-08-07,2009,7441,0.0,56.5,10.35,19100,,22
2009-08-08,2009,4643,0.0,52.5,10.12,18300,,23
2009-08-09,2009,6641,0.0,57.5,10.08,17700,,24
2009-08-10,2009,10154,0.0,58.5,10.07,17300,,25
2009-08-11,2009,5227,0.0,57.5,10.06,17200,,26
2009-08-12,2009,6185,0.0,52.5,10.07,17300,,27
2009-08-13,2009,8225,0.3,55.5,10.2,17900,,30
2008-07-01,2008,3886,0.0,48.5,8.35,11000,,35
2008-07-02,2008,4456,0.0,58.0,8.37,11100,,0
2008-07-03,2008,4227,0.04,56.5,8.36,11300,,1
2008-07-04,2008,2189,0.14,62.0,8.41,11500,,2
2008-07-05,2008,1520,0.04,59.0,8.54,11700,,3
2008-07-06,2008,1327,0.14,61.5,8.69,12100,,4
2008-07-07,2008,1252,0.2,54.5,8.85,12300,,5
2008-07-08,2008,1640,,53.0,9.02,12700,,6
2008-07-09,2008,3323,0.0,55.0,9.01,12600,,10
2008-07-10,2008,4728,0.0,57.0,8.97,12600,,11
2008-07-11,2008,2340,0.0,55.5,9.01,12700,,12
2008-07-12,2008,3120,0.0,57.0,9.02,12800,,13
2008-07-13,2008,6850,0.08,54.0,9.03,12700,,14
2008-07-14,2008,4185,0.0,56.0,9.06,12900,,15
2008-07-15,2008,39473,0.0,55.5,9.03,12900,,16
2008-07-16,2008,102681,0.07,55.0,9.06,12900,,17
2008-07-17,2008,76937,0.04,52.0,9.19,13500,,18
2008-07-18,2008,27658,0.01,52.5,9.37,14100,,20
2008-07-19,2008,26086,0.0,55.5,9.4,14400,,21
2008-07-20,2008,45075,0.0,55.5,9.34,14300,,22
2008-07-21,2008,48724,,51.5,9.31,14100,,23
2008-07-22,2008,47831,,53.0,9.31,14000,,24
2008-07-23,2008,15663,0.01,51.5,9.27,14000,,25
2008-07-24,2008,17349,,54.0,9.35,14300,,26
2008-07-25,2008,16456,0.0,59.0,9.39,14600,,30
2008-07-26,2008,11144,0.28,53.5,9.38,14500,,31
2008-07-27,2008,25296,0.26,52.0,9.44,14600,,32
2008-07-28,2008,28421,0.0,51.0,9.44,14700,,33
2008-07-29,2008,33244,0.02,58.5,9.35,14600,,34
2008-07-30,2008,39032,0.0,60.5,9.31,14300,,35
2008-07-31,2008,28667,0.0,58.0,9.29,14300,,36
2008-08-01,2008,32997,0.0,56.0,9.35,14200,,0
2008-08-02,2008,25832,0.0,56.0,9.32,14000,,1
2008-08-03,2008,19795,0.0,56.5,9.27,13900,,2
2008-08-04,2008,21069,0.0,55.0,9.21,13700,,3
2008-08-05,2008,16673,0.0,55.0,9.2,13700,,4
2008-08-06,2008,15774,0.0,52.5,9.22,13900,,5
2008-08-07,2008,12192,,52.0,9.23,13900,,6
2008-08-08,2008,9254,0.0,51.5,9.21,13700,,10
2008-08-09,2008,10818,0.0,50.5,9.11,13400,,11
2008-08-10,2008,14668,0.0,50.0,9.05,13200,,12
2008-08-11,2008,15001,0.0,54.0,8.97,12900,,13
2008-08-12,2008,14628,0.04,52.5,8.86,12600,,14
2008-08-13,2008,10258,0.11,60.5,8.72,12500,,15
2008-08-14,2008,11748,0.09,58.0,8.7,12100,,16
2008-08-15,2008,7431,0.13,59.0,8.66,11900,,17
2008-08-16,2008,2128,0.15,54.5,8.72,12100,,20
2008-08-17,2008,2092,0.01,55.0,8.77,12200,,21
2007-07-01,2007,5530,0.1,52.5,8.55,10900,,21
2007-07-02,2007,6659,0.0,55.0,8.5,11000,,22
2007-07-03,2007,5695,,52.5,8.44,10900,,23
2007-07-04,2007,3833,0.06,59.5,8.45,10900,,24
2007-07-05,2007,4165,0.07,55.5,8.45,10900,,25
2007-07-06,2007,4799,0.0,56.5,8.46,11000,,26
2007-07-07,2007,7629,0.03,56.0,8.43,10900,,30
2007-07-08,2007,11623,0.09,55.5,8.42,10900,,31
2007-07-09,2007,12626,0.03,59.5,8.45,11100,,32
2007-07-10,2007,5473,0.07,60.0,8.53,11300,,33
2007-07-11,2007,6467,0.02,60.0,8.53,11200,,34
2007-07-12,2007,7102,0.06,54.5,8.48,11000,,35
2007-07-13,2007,3992,0.0,55.5,8.44,10900,,36
2007-07-14,2007,6443,0.0,54.5,8.42,10800,,0
2007-07-15,2007,9919,0.0,58.0,8.38,10900,,1
2007-07-16,2007,10020,0.0,53.5,8.32,10700,,2
2007-07-17,2007,7917,0.0,55.5,8.34,10800,,3
2007-07-18,2007,12385,0.04,59.5,8.38,10900,,4
2007-07-19,2007,59442,,60.0,8.43,11000,,5
2007-07-20,2007,22842,0.0,57.0,8.43,11000,,6
2007-07-21,2007,44017,0.0,57.0,8.43,11000,,10
2007-07-22,2007,64544,0.38,55.5,8.51,10900,,11
2007-07-23,2007,55146,0.22,54.5,8.58,11100,,12
2007-07-24,2007,48532,0.23,57.0,8.66,11500,,13
2007-07-25,2007,48552,0.06,61.0,8.71,11700,,14
2007-07-26,2007,67524,,60.5,8.8,11800,,15
2007-07-27,2007,86391,0.02,57.5,8.83,11900,,16
2007-07-28,2007,61585,0.0,57.5,8.88,12200,,17
2007-07-29,2007,45137,0.0,59.0,8.97,12500,,20
2007-07-30,2007,28283,0.0,58.5,9.18,12900,,21
2007-07-31,2007,27691,0.0,56.5,9.93,13100,,22
2007-08-01,2007,28326,0.0,56.0,9.21,13300,,23
2007-08-02,2007,20593,0.11,55.5,9.27,13500,,24
2007-08-03,2007,12143,0.02,60.0,9.25,13600,,25
2007-08-04,2007,17362,0.32,56.5,9.23,13500,,26
2007-08-05,2007,25757,0.06,59.0,9.26,13700,,30
2007-08-06,2007,32854,0.0,59.0,9.23,13700,,31
2007-08-07,2007,21748,0.0,55.0,9.22,13600,,32
2007-08-08,2007,18349,0.0,57.0,9.17,13400,,33
2007-08-09,2007,34253,0.0,58.5,9.21,13200,,34
2007-08-10,2007,19675,0.0,55.0,9.16,12900,,35
2007-08-11,2007,30429,0.0,56.5,9.06,12700,,36
2007-08-12,2007,31055,0.06,64.5,8.99,12600,,0
2007-08-13,2007,19874,0.0,61.0,8.93,12500,,1
2007-08-14,2007,14697,,59.0,8.98,12300,,2
2007-08-15,2007,14879,0.18,56.5,8.97,12300,,3
2007-08-16,2007,13826,0.01,56.5,8.96,12400,,4
2007-08-17,2007,13186,0.02,53.5,8.93,12300,,5
2007-08-18,2007,11728,0.04,54.5,8.91,12400,,6
2007-08-19,2007,15294,,60.5,8.93,12700,,7
2007-08-20,2007,14741,0.09,60.0,9.07,13000,,10
2007-08-21,2007,9222,0.09,56.5,9.18,13100,,11
2007-08-22,2007,8829,0.22,55.5,9.26,13500,,12
2007-08-23,2007,9161,0.36,55.5,9.37,14100,,13
2006-07-01,2006,2205,0.0,58.5,8.93,12600,,6
2006-07-02,2006,3477,0.0,53.0,8.92,12500,,7
2006-07-03,2006,3207,0.0,56.0,8.93,12400,,10
2006-07-04,2006,3364,0.0,56.5,8.98,12400,,11
2006-07-05,2006,3705,0.02,55.0,9.0,12500,,12
2006-07-06,2006,4454,0.0,56.5,9.0,12700,,13
2006-07-07,2006,4464,0.19,55.0,9.07,12700,,14
2006-07-08,2006,3815,0.0,58.5,9.15,12900,,15
2006-07-09,2006,4790,,61.5,9.15,13100,,16
2006-07-10,2006,5402,0.0,63.5,9.19,13300,,20
2006-07-11,2006,3860,0.0,56.0,9.24,13500,,21
2006-07-12,2006,2459,0.0,58.5,9.25,13400,,22
2006-07-13,2006,3506,0.0,56.5,9.23,13400,,23
2006-07-14,2006,2559,0.01,58.0,9.25,13300,,24
2006-07-15,2006,5424,0.0,57.0,9.29,13400,,25
2006-07-16,2006,17787,0.0,54.5,9.31,13500,,26
2006-07-17,2006,20746,,56.5,9.31,13500,,30
2006-07-18,2006,12142,0.01,58.5,9.3,13600,,31
2006-07-19,2006,8202,,55.0,9.26,13400,,32
2006-07-20,2006,10270,0.01,56.5,9.21,13300,,33
2006-07-21,2006,21602,0.02,58.5,9.15,13000,,34
2006-07-22,2006,45539,0.02,57.0,9.13,13000,,35
2006-07-23,2006,47696,,59.0,9.21,13200,,36
2006-07-24,2006,61765,0.04,58.5,9.28,13700,,0
2006-07-25,2006,71509,0.06,55.5,9.5,14200,,1
2006-07-26,2006,117851,0.0,55.5,9.56,14500,,2
2006-07-27,2006,79163,0.0,53.5,9.7,14900,,3
2006-07-28,2006,83077,0.0,56.5,9.85,15400,,4
2006-07-29,2006,94354,0.0,60.0,9.99,16000,,5
2006-07-30,2006,81619,0.14,55.5,10.06,16200,,6
2006-07-31,2006,67965,0.01,58.5,10.06,16300,,7
2006-08-01,2006,82851,0.01,56.5,9.98,16000,,8
2006-08-02,2006,67842,0.11,56.5,9.85,15600,,10
2006-08-03,2006,56983,0.08,55.0,9.76,15600,,11
2006-08-04,2006,60613,0.04,56.5,9.76,15700,,12
2006-08-05,2006,64420,0.0,53.5,,15500,,13
2006-08-06,2006,41705,0.0,50.0,9.71,15300,,14
2006-08-07,2006,29977,0.0,56.0,9.69,15300,,15
2006-08-08,2006,18917,0.0,57.0,9.68,15200,,16
2006-08-09,2006,18058,0.03,54.0,9.62,14900,,20
2006-08-10,2006,14721,0.02,56.5,,14800,,21
2006-08-11,2006,20004,0.57,57.0,9.62,15100,,22
2006-08-12,2006,32855,0.18,55.0,9.63,15100,,23
2006-08-13,2006,28378,0.02,57.0,9.57,14900,,24
2006-08-14,2006,26974,0.58,53.5,9.46,14600,,25
2006-08-15,2006,41903,0.31,54.0,,14800,,30
2006-08-16,2006,48630,0.23,56.5,,14900,,31
2006-08-17,2006,43874,0.0,57.5,,15000,,32
2006-08-18,2006,43833,0.46,56.5,9.32,14800,,33
2006-08-19,2006,51219,0.08,54.5,9.49,15100,,34
2006-08-20,2006,50024,0.05,49.5,9.62,15300,,35
2006-08-21,2006,33606,0.01,48.5,9.68,15500,,36
2006-08-22,2006,45067,0.86,51.5,,15600,,37
2006-08-23,2006,39516,0.0,51.5,,16000,,0
2006-08-24,2006,28248,0.57,51.5,,16000,,1
2006-08-25,2006,29981,0.33,52.5,9.9,16600,,2
2006-08-26,2006,31651,0.02,49.0,9.87,16500,,3
2006-08-27,2006,37785,0.0,55.0,9.74,16300,,4
2006-08-28,2006,33443,0.0,52.0,9.63,15800,,5
2006-08-29,2006,21041,0.02,51.5,,15400,,6
2006-08-30,2006,13928,0.25,51.0,,15100,,7
2006-08-31,2006,8701,0.18,54.0,,14900,,10
2005-07-01,2005,7309,0.06,56.0,9.08,12700,,33
2005-07-02,2005,10932,0.0,57.0,9.08,12800,,34
2005-07-03,2005,10256,0.0,58.5,9.05,12800,,35
2005-07-04,2005,16324,0.0,55.5,9.07,12800,,36
2005-07-05,2005,18783,0.0,59.5,9.08,12800,,37
2005-07-06,2005,16744,0.0,57.5,9.08,12900,,0
2005-07-07,2005,13585,0.0,60.5,9.18,13100,,1
2005-07-08,2005,16764,0.0,59.5,9.17,13000,,2
2005-07-09,2005,38430,0.0,57.0,9.17,13100,,3
2005-07-10,2005,31391,0.0,58.5,9.22,13200,,4
2005-07-11,2005,51221,0.0,58.5,9.25,13200,,5
2005-07-12,2005,69073,,58.0,9.3,13400,,6
2005-07-13,2005,36852,,62.0,9.33,13900,,7
2005-07-14,2005,22393,0.0,62.0,9.38,14000,,10
2005-07-15,2005,19470,0.0,57.0,9.37,13900,,11
2005-07-16,2005,61502,0.14,59.5,9.44,14100,,12
2005-07-17,2005,85763,0.0,59.0,9.56,14400,,13
2005-07-18,2005,69808,0.04,52.0,9.56,14300,,14
2005-07-19,2005,104840,0.17,57.5,9.59,14400,,15
2005-07-20,2005,49894,0.0,58.5,9.65,14700,,16
2005-07-21,2005,28576,0.0,56.5,9.61,14500,,20
2005-07-22,2005,34559,0.0,57.5,9.66,14700,,21
2005-07-23,2005,73138,0.0,58.0,9.56,14400,,22
2005-07-24,2005,77700,0.04,61.0,9.49,14300,,23
2005-07-25,2005,41396,0.41,58.0,9.5,14400,,24
2005-07-26,2005,25734,0.13,55.0,9.58,14400,,25
2005-07-27,2005,16085,0.14,60.5,9.51,14500,,30
2005-07-28,2005,12367,0.02,56.0,9.56,14500,,31
2005-07-29,2005,17978,0.0,57.5,9.53,14400,,32
2005-07-30,2005,43637,0.0,55.5,9.45,14300,,33
2005-07-31,2005,51222,0.0,60.5,9.35,14200,,34
2005-08-01,2005,34629,0.05,59.0,9.38,14000,,35
2005-08-02,2005,21071,0.17,55.0,9.32,13900,,36
2005-08-03,2005,29974,0.15,58.0,9.24,13800,,37
2005-08-04,2005,24343,0.15,56.5,9.18,13700,,0
2005-08-05,2005,21373,0.0,55.5,9.27,13500,,1
2005-08-06,2005,51304,0.0,54.0,9.25,13300,,2
2005-08-07,2005,47135,0.0,53.0,9.25,13200,,3
2005-08-08,2005,19015,0.0,58.0,9.24,13200,,4
2005-08-09,2005,15499,0.0,55.0,9.24,13200,,5
2005-08-10,2005,13310,0.0,55.5,9.24,13100,,6
2005-08-11,2005,20233,0.0,55.5,9.23,13200,,7
2005-08-12,2005,72510,0.0,58.5,9.23,13200,,10
2005-08-13,2005,84546,0.0,55.5,9.23,13100,,11
2005-08-14,2005,52614,0.0,53.0,9.22,13100,,12
2005-08-15,2005,59671,0.01,52.0,9.2,13000,,13
2005-08-16,2005,56553,0.0,56.5,9.13,13000,,14
2005-08-17,2005,38288,0.15,57.0,9.13,13100,,15
2005-08-18,2005,22607,0.0,63.0,9.14,13100,,16
2005-08-19,2005,12300,0.0,58.5,9.11,12700,,20
2005-08-20,2005,21648,0.0,53.5,9.05,12400,,21
2005-08-21,2005,16474,0.02,57.5,9.02,12500,,22
2004-07-01,2004,4351,0.0,53.5,10.03,16500,,16
2004-07-02,2004,4692,0.0,58.5,9.98,16500,,20
2004-07-03,2004,4918,0.03,60.5,9.93,16400,,21
2004-07-04,2004,3049,,63.0,9.89,16300,,22
2004-07-05,2004,2424,0.0,57.5,9.83,16100,,23
2004-07-06,2004,2698,0.0,59.0,9.71,15700,,24
2004-07-07,2004,5201,0.0,61.0,9.65,15600,,25
2004-07-08,2004,8512,0.0,65.0,9.63,15500,,26
2004-07-09,2004,3837,0.0,67.5,9.66,15500,,30
2004-07-10,2004,3652,0.0,62.5,9.64,15400,,31
2004-07-11,2004,2900,0.0,60.0,9.65,15400,,32
2004-07-12,2004,4202,0.0,55.0,9.66,15300,,33
2004-07-13,2004,8323,0.0,56.0,9.69,15200,,34
2004-07-14,2004,161938,0.0,55.5,9.66,15200,,35
2004-07-15,2004,196873,0.0,57.5,9.67,15200,,36
2004-07-16,2004,135114,0.0,61.0,9.64,15100,,37
2004-07-17,2004,70036,0.04,56.0,9.59,15100,,0
2004-07-18,2004,46195,0.1,62.5,9.64,15300,,1
2004-07-19,2004,29486,0.01,61.5,9.6,15300,,2
2004-07-20,2004,14502,0.01,58.0,9.57,14900,,3
2004-07-21,2004,43358,0.03,58.5,9.54,14800,,4
2004-07-22,2004,134930,0.01,60.5,9.5,14800,,5
2004-07-23,2004,41432,0.06,60.0,9.62,15100,,6
2004-07-24,2004,45293,,57.0,9.64,15100,,10
2004-07-25,2004,48941,,59.5,9.66,15200,,11
2004-07-26,2004,57938,0.46,57.5,9.66,15600,,12
2004-07-27,2004,50617,0.36,56.5,10.06,16300,,13
2004-07-28,2004,58521,0.03,60.0,10.24,16900,,14
2004-07-29,2004,50287,0.0,55.5,10.38,17300,,15
2004-07-30,2004,35587,0.0,57.0,10.48,17600,,16
2004-07-31,2004,27487,0.0,51.0,10.43,17500,,20
2004-08-01,2004,19046,0.0,54.5,10.28,17200,,21
2004-08-02,2004,25453,0.0,60.0,10.09,16800,,22
2004-08-03,2004,56404,0.0,58.5,10.0,16400,,23
2004-08-04,2004,62422,0.0,62.5,9.83,15900,,24
2004-08-05,2004,40836,0.0,61.5,9.72,15600,,25
2004-08-06,2004,37892,0.0,52.5,9.6,15200,,26
2004-08-07,2004,28780,0.0,56.5,9.45,14800,,30
2004-08-08,2004,15914,0.0,55.0,9.37,14500,,31
2004-08-09,2004,40826,0.02,57.0,9.27,14300,,32
2004-08-10,2004,63734,0.0,61.0,9.24,14300,,33
2004-08-11,2004,59523,0.0,58.5,9.26,14100,,34
2004-08-12,2004,62639,0.0,60.5,9.25,13900,,35
2004-08-13,2004,40455,0.0,60.5,9.22,13700,,36
2004-08-14,2004,27387,0.0,58.5,9.16,13500,,37
2004-08-15,2004,21273,0.0,58.0,9.11,13400,,0
2004-08-16,2004,13077,0.0,65.5,9.03,13300,,1
2004-08-17,2004,13941,0.0,65.0,9.03,13000,,2
2004-08-18,2004,8487,0.0,60.5,9.09,13100,,3
2003-07-01,2003,8189,0.5,54.5,8.49,11300,,2
2003-07-02,2003,4648,0.47,56.5,8.69,12000,,3
2003-07-03,2003,6586,0.0,56.5,8.97,12600,,4
2003-07-04,2003,9241,0.0,57.0,8.99,12700,,5
2003-07-05,2003,7320,0.0,61.5,9.03,12700,,6
2003-07-06,2003,4403,0.0,58.0,9.13,12900,,10
2003-07-07,2003,5265,0.0,60.0,9.19,13300,,11
2003-07-08,2003,6472,0.0,63.5,9.25,13600,,12
2003-07-09,2003,8968,0.0,59.5,9.32,13900,,13
2003-07-10,2003,14536,,58.5,9.47,14200,,14
2003-07-11,2003,34354,0.0,56.5,9.56,14400,,15
2003-07-12,2003,85864,0.0,58.5,9.67,14800,,16
2003-07-13,2003,58956,0.0,60.5,9.71,15100,,20
2003-07-14,2003,40345,0.0,65.0,9.84,15400,,21
2003-07-15,2003,31449,0.0,60.5,9.95,15700,,22
2003-07-16,2003,124965,0.0,57.0,10.03,15800,,23
2003-07-17,2003,149305,0.0,60.5,10.15,16000,,24
2003-07-18,2003,129242,0.0,61.0,10.15,16200,,25
2003-07-19,2003,99917,0.0,56.0,10.13,16100,,26
2003-07-20,2003,45464,0.01,61.0,10.09,16200,,27
2003-07-21,2003,44587,0.02,59.5,10.11,16200,,30
2003-07-22,2003,96305,0.0,59.5,10.09,15900,,31
2003-07-23,2003,92239,0.0,59.0,10.02,15700,,32
2003-07-24,2003,76529,0.25,56.5,10.03,15700,,33
2003-07-25,2003,43013,0.06,59.0,10.04,15800,,34
2003-07-26,2003,44162,0.0,56.0,9.98,15700,,35
2003-07-27,2003,33754,,56.5,9.88,15500,,36
2003-07-28,2003,56104,0.05,58.0,9.86,15300,,0
2003-07-29,2003,39969,0.01,58.0,9.83,15100,,1
2003-07-30,2003,25163,,57.0,9.74,14900,,2
2003-07-31,2003,25412,0.0,56.0,9.64,14900,,3
2003-08-01,2003,27111,0.0,54.0,9.54,14400,,4
2003-08-02,2003,31379,0.0,53.0,9.42,14100,,5
2003-08-03,2003,28308,0.0,52.5,9.31,13700,,6
2003-08-04,2003,21550,0.0,53.0,9.24,13300,,7
2003-08-05,2003,14339,0.0,51.5,9.14,12900,,10
2003-08-06,2003,24131,0.0,52.5,9.02,12400,,11
2003-08-07,2003,18598,0.0,56.5,8.92,12100,,12
2003-08-08,2003,12754,0.0,63.5,8.86,11900,,13
2003-08-09,2003,11851,0.0,63.0,8.84,11700,,14
2003-08-10,2003,13279,0.0,58.5,8.85,11700,,15
2002-07-01,2002,6665,0.0,55.0,8.99,12700,,27
2002-07-02,2002,11345,0.0,55.5,9.04,12900,,30
2002-07-03,2002,6729,,55.0,9.11,13100,,31
2002-07-04,2002,12817,0.01,54.5,9.1,13100,,32
2002-07-05,2002,39348,0.0,51.5,9.13,13200,,33
2002-07-06,2002,37372,0.0,54.5,9.1,13000,,34
2002-07-07,2002,76460,0.0,56.5,9.13,13100,,35
2002-07-08,2002,51761,0.0,56.5,9.15,13200,,36
2002-07-09,2002,34164,0.01,52.5,9.14,13000,,37
2002-07-10,2002,27155,0.0,55.0,9.13,13200,,0
2002-07-11,2002,17005,0.0,56.0,9.12,13200,,1
2002-07-12,2002,9618,0.0,49.5,9.11,13100,,2
2002-07-13,2002,10750,,51.0,9.09,13000,,3
2002-07-14,2002,14465,0.0,56.5,9.04,13100,,4
2002-07-15,2002,33528,0.0,52.5,9.05,12900,,5
2002-07-16,2002,49840,0.0,55.0,9.01,12900,,10
2002-07-17,2002,37686,0.0,56.5,9.0,12900,,11
2002-07-18,2002,59782,0.63,54.0,9.08,12800,,12
2002-07-19,2002,132770,,56.0,9.18,13300,,13
2002-07-20,2002,87350,0.01,58.5,9.2,13300,,14
2002-07-21,2002,47449,0.0,58.0,9.2,13400,,15
2002-07-22,2002,32909,0.06,60.5,9.24,13600,,16
2002-07-23,2002,37312,0.43,60.5,9.36,14100,,17
2002-07-24,2002,37239,0.34,58.0,9.46,14500,,20
2002-07-25,2002,34874,0.02,54.0,9.63,14800,,21
2002-07-26,2002,45104,0.37,53.0,9.67,14900,,22
2002-07-27,2002,16599,0.01,53.5,9.75,15200,,23
2002-07-28,2002,14804,0.0,49.5,9.73,15300,,24
2002-07-29,2002,17646,0.0,52.0,9.67,15100,,25
2002-07-30,2002,15131,0.0,59.0,9.6,15100,,26
2002-07-31,2002,19225,0.0,59.5,9.53,14800,,27
2002-08-01,2002,17144,0.0,61.5,9.47,14600,,30
2002-08-02,2002,18859,0.0,55.0,9.38,14400,,31
2002-08-03,2002,20783,0.0,52.5,9.31,14200,,32
2002-08-04,2002,22409,0.0,50.5,9.27,14100,,33
2002-08-05,2002,23795,0.07,56.5,9.25,14000,,34
2002-08-06,2002,19994,0.0,58.0,9.26,14000,,35
2002-08-07,2002,20610,0.14,56.0,9.26,13900,,36
2002-08-08,2002,26019,0.1,57.0,9.26,13900,,0
2002-08-09,2002,32366,0.0,56.5,9.24,13700,,1
2002-08-10,2002,24874,0.34,49.5,9.17,13400,,2
2002-08-11,2002,17480,0.17,53.0,9.12,13300,,3
2002-08-12,2002,7980,0.17,54.5,9.16,13600,,4
2002-08-13,2002,7055,0.0,57.5,9.19,13500,,5
2002-08-14,2002,5411,0.0,51.5,9.19,13300,,6
2001-07-01,2001,1587,0.0,53.5,10.98,18400,50.900000000000006,14
2001-07-02,2001,8079,0.0,50.5,10.95,18300,51.8,15
2001-07-03,2001,5887,0.07,52.5,10.92,18100,50.0,16
2001-07-04,2001,5587,0.17,54.0,10.9,18300,50.0,17
2001-07-05,2001,5123,0.69,54.5,10.85,18400,50.0,20
2001-07-06,2001,3641,0.01,56.5,10.9,18600,51.8,21
2001-07-07,2001,4937,0.0,55.0,10.82,18200,53.6,22
2001-07-08,2001,7462,0.01,55.0,10.79,17800,54.5,23
2001-07-09,2001,8520,0.0,55.5,10.72,17700,55.400000000000006,24
2001-07-10,2001,6288,0.16,50.0,10.6,17300,55.400000000000006,25
2001-07-11,2001,7078,0.14,54.0,10.52,17200,54.5,26
2001-07-12,2001,4212,0.06,53.0,10.45,17000,51.8,27
2001-07-13,2001,4987,0.01,55.0,10.34,16800,51.8,30
2001-07-14,2001,14107,0.0,55.5,10.26,16400,51.8,31
2001-07-15,2001,40424,0.1,55.0,10.08,16200,51.8,32
2001-07-16,2001,42201,0.04,57.5,10.1,16300,51.8,33
2001-07-17,2001,56898,0.0,56.5,10.04,16200,52.7,34
2001-07-18,2001,40428,0.01,53.0,10.0,15900,52.7,35
2001-07-19,2001,47023,0.65,60.5,10.08,16200,55.400000000000006,36
2001-07-20,2001,37305,0.04,59.5,10.28,16800,52.7,0
2001-07-21,2001,20208,0.41,57.0,10.6,17600,51.8,1
2001-07-22,2001,21550,0.11,58.5,10.74,18100,50.900000000000006,2
2001-07-23,2001,29296,0.1,57.0,10.79,18400,53.6,3
2001-07-24,2001,52561,0.01,56.0,9.82,18700,52.7,4
2001-07-25,2001,68412,0.0,56.5,10.86,18900,52.7,5
2001-07-26,2001,70963,0.0,55.5,10.87,19200,53.6,6
2001-07-27,2001,48154,0.0,55.5,10.88,19500,54.5,10
2001-07-28,2001,25927,0.0,53.5,10.81,19200,54.5,11
2001-07-29,2001,21721,,56.0,10.72,19000,53.6,12
2001-07-30,2001,24956,0.01,58.5,10.58,18800,54.5,13
2001-07-31,2001,20729,0.08,58.0,10.48,18300,53.6,14
2001-08-01,2001,19694,0.0,57.0,10.44,18100,52.7,15
2001-08-02,2001,20509,0.0,52.0,10.34,17800,53.6,16
2001-08-03,2001,15443,0.16,54.0,10.21,17500,51.8,20
2001-08-04,2001,18602,0.25,53.5,10.15,17300,50.900000000000006,21
2001-08-05,2001,11881,0.0,53.0,10.08,17000,51.8,22
2001-08-06,2001,12612,0.0,53.0,9.95,16700,54.5,23
2001-08-07,2001,13194,0.0,49.5,9.84,16200,56.3,24
2001-08-08,2001,12466,0.0,59.0,9.77,16000,57.2,25
2001-08-09,2001,6220,0.0,59.0,9.72,15900,55.400000000000006,26
2001-08-10,2001,6925,0.0,58.0,9.65,15800,56.3,27
2001-08-11,2001,2862,0.0,55.0,9.49,15500,56.3,28
2001-08-12,2001,7550,0.0,58.0,9.39,15300,56.3,30
2001-08-13,2001,2124,0.0,57.0,9.33,15000,56.3,31
2000-07-01,2000,2373,0.0,51.5,8.72,11600,51.8,0
2000-07-02,2000,2202,0.0,54.0,8.77,11700,50.900000000000006,1
2000-07-03,2000,4506,0.0,55.0,8.86,11900,54.5,2
2000-07-04,2000,4453,0.15,55.0,8.97,12200,53.6,3
2000-07-05,2000,2587,0.2,54.0,9.07,12600,50.0,4
2000-07-06,2000,3073,0.0,55.5,9.27,13200,50.900000000000006,5
2000-07-07,2000,5835,0.0,54.5,9.28,13200,50.900000000000006,6
2000-07-08,2000,5466,0.25,57.0,9.36,13400,50.0,10
2000-07-09,2000,10018,0.11,53.5,9.45,13700,52.7,11
2000-07-10,2000,12622,0.0,52.5,9.48,13900,51.8,12
2000-07-11,2000,6424,0.0,59.5,9.45,14100,53.6,13
2000-07-12,2000,6208,0.0,58.5,9.42,14100,55.400000000000006,14
2000-07-13,2000,35806,,56.5,9.49,14100,55.400000000000006,15
2000-07-14,2000,133048,,52.5,9.52,13900,53.6,16
2000-07-15,2000,116307,0.18,57.0,9.62,14200,51.8,17
2000-07-16,2000,66736,0.86,55.0,9.82,14700,51.8,20
2000-07-17,2000,33970,0.0,53.5,10.05,15400,50.0,21
2000-07-18,2000,45112,0.25,47.5,10.01,15400,48.2,22
2000-07-19,2000,35873,0.0,52.5,,15400,50.0,23
2000-07-20,2000,18136,0.31,51.5,9.93,15300,50.0,24
2000-07-21,2000,17575,0.35,51.5,9.87,15300,50.900000000000006,25
2000-07-22,2000,17179,0.13,57.5,9.84,15500,50.900000000000006,26
2000-07-23,2000,26636,0.08,54.0,9.85,15300,51.8,27
2000-07-24,2000,37254,0.05,53.5,9.76,15200,51.8,30
2000-07-25,2000,33913,0.0,54.5,9.69,14900,51.8,31
2000-07-26,2000,31591,0.0,53.5,9.62,14700,52.7,32
2000-07-27,2000,25687,0.0,54.5,9.52,14400,52.7,33
2000-07-28,2000,22162,0.0,49.5,9.36,14000,52.7,34
2000-07-29,2000,22881,0.23,50.0,9.21,13400,54.5,35
2000-07-30,2000,12477,0.02,54.0,9.29,13200,52.7,0
2000-07-31,2000,9588,,52.0,9.22,13000,52.7,1
2000-08-01,2000,10302,0.02,56.0,9.14,12900,51.8,2
2000-08-02,2000,7014,0.39,56.5,9.31,13300,50.900000000000006,3
2000-08-03,2000,12596,0.0,55.0,9.4,13600,50.900000000000006,4
2000-08-04,2000,13864,0.0,55.5,9.55,14100,50.900000000000006,5
2000-08-05,2000,11418,0.0,54.5,9.73,14600,50.900000000000006,6
2000-08-06,2000,9653,0.0,51.5,9.76,14700,51.8,10
2000-08-07,2000,8182,0.0,51.0,9.76,14700,52.7,11
2000-08-08,2000,6573,0.0,55.0,9.73,14700,51.8,12
2000-08-09,2000,6086,0.0,50.5,9.68,14500,53.6,13
2000-08-10,2000,7309,0.0,50.5,9.0,14100,52.7,14
